x;result
-6.283185307179586;1.0000000006627803
-6.263185307179587;0.9998000072135836
-6.243185307179587;0.9992001071113066
-6.2231853071795875;0.998200540304993
-6.203185307179588;0.9968017066054747
-6.183185307179588;0.9950041655253933
-6.163185307179589;0.9928086360553522
-6.143185307179589;0.990215996376284
-6.12318530717959;0.9872272835081515
-6.10318530717959;0.9838436811962026
-6.0831853071795905;0.9800665682363795
-6.063185307179591;0.975897441394209
-6.043185307179591;0.9713379683129575
-6.023185307179592;0.9663899727625634
-6.003185307179592;0.9610554339109845
-5.983185307179593;0.9553364855332942
-5.963185307179593;0.9492354151588527
-5.9431853071795935;0.9427546631569014
-5.923185307179594;0.9358968217609563
-5.903185307179594;0.9286646340323973
-5.883185307179595;0.9210609927636713
-5.863185307179595;0.9130889393215582
-5.843185307179596;0.9047516624309679
-5.823185307179596;0.8960524968997524
-5.8031853071795965;0.8869949222850574
-5.783185307179597;0.8775825615017434
-5.763185307179597;0.8678191793734404
-5.743185307179598;0.8577086811268169
-5.723185307179598;0.8472551108296684
-5.703185307179599;0.836462649773455
-5.683185307179599;0.8253356148009332
-5.6631853071795994;0.8138784565795584
-5.6431853071796;0.8020957578213442
-5.6231853071796;0.7899922314498969
-5.603185307179601;0.7775727257364854
-5.583185307179601;0.764842192727246
-5.563185307179602;0.7518057333570258
-5.543185307179602;0.7384685619757221
-5.523185307179602;0.7248360132243097
-5.503185307179603;0.7109135398994811
-5.483185307179603;0.6967067107712359
-5.463185307179604;0.6822212083542711
-5.443185307179604;0.6674628266340392
-5.423185307179605;0.6524374687483655
-5.403185307179605;0.6371511446255348
-5.383185307179605;0.621609968579773
-5.363185307179606;0.6058201568650744
-5.343185307179606;0.589788025188338
-5.323185307179607;0.5735199861827965
-5.303185307179607;0.5570225468427394
-5.2831853071796075;0.5403023059205454
-5.263185307179608;0.5233659512870596
-5.243185307179608;0.5062202572563624
-5.223185307179609;0.4888720818759942
-5.203185307179609;0.4713283641837163
-5.18318530717961;0.4535961214318989
-5.16318530717961;0.43568244416198737
-5.1431853071796105;0.4175945025524866
-5.123185307179611;0.3993395284896324
-5.103185307179611;0.3809248237818611
-5.083185307179612;0.3623577541120164
-5.063185307179612;0.3436457460946362
-5.043185307179613;0.3247962843082289
-5.023185307179613;0.30581690830381786
-5.0031853071796135;0.2867152095910364
-4.983185307179614;0.26749882860304985
-4.963185307179614;0.24817545164158883
-4.943185307179615;0.22875280780336937
-4.923185307179615;0.20923866588918388
-4.903185307179616;0.18964083129694012
-4.883185307179616;0.16996714289992954
-4.8631853071796165;0.15022547026341182
-4.843185307179617;0.13042370886808363
-4.823185307179617;0.11056977986076094
-4.803185307179618;0.09067162447443348
-4.783185307179618;0.07073720166950329
-4.763185307179619;0.05077448493378463
-4.743185307179619;0.03079145908250412
-4.7231853071796195;0.01079611705707828
-4.70318530717962;-0.009203543268224318
-4.68318530717962;-0.02919952230125829
-4.663185307179621;-0.04918382191427454
-4.643185307179621;-0.06914844865553538
-4.623185307179622;-0.08908541694534049
-4.603185307179622;-0.10898675227657725
-4.5831853071796225;-0.12884449441472082
-4.563185307179623;-0.14865070059783395
-4.543185307179623;-0.16839744794872732
-4.523185307179624;-0.18807683889198734
-4.503185307179624;-0.20768100160663233
-4.483185307179625;-0.2272020946882411
-4.463185307179625;-0.24663230995858745
-4.4431853071796255;-0.26596387558849316
-4.423185307179626;-0.28518905920601184
-4.403185307179626;-0.30430017098866374
-4.383185307179627;-0.3232895667384418
-4.363185307179627;-0.342149650938308
-4.343185307179628;-0.36087287978890165
-4.323185307179628;-0.3794517642241778
-4.303185307179628;-0.3978788729046969
-4.283185307179629;-0.4161468351872857
-4.263185307179629;-0.4342483440697885
-4.24318530717963;-0.45217615910963016
-4.22318530717963;-0.4699231137371699
-4.203185307179631;-0.48748210234924616
-4.183185307179631;-0.5048461046226179
-4.163185307179631;-0.5220081751889514
-4.143185307179632;-0.5389614494502758
-4.123185307179632;-0.5556991463248419
-4.103185307179633;-0.5722145709595998
-4.083185307179633;-0.5885011174082216
-4.0631853071796336;-0.604552271273598
-4.043185307179634;-0.6203616123137625
-4.023185307179634;-0.6359228170102077
-4.003185307179635;-0.6512296610975757
-3.983185307179635;-0.6662760220537192
-3.963185307179635;-0.681055881549151
-3.943185307179635;-0.6955633278549134
-3.9231853071796348;-0.7097925582079181
-3.9031853071796347;-0.7237378811328328
-3.8831853071796347;-0.7373937187195908
-3.8631853071796347;-0.7507546088556434
-3.8431853071796347;-0.7638152074120808
-3.8231853071796347;-0.7765702903827724
-3.8031853071796347;-0.789014747183092
-3.7831853071796346;-0.8011436154853337
-3.7631853071796346;-0.8129520370186666
-3.7431853071796346;-0.8244352885707374
-3.7231853071796346;-0.8355887769925736
-3.7031853071796346;-0.8464080410357218
-3.6831853071796345;-0.8568887531366224
-3.6631853071796345;-0.8670267211474985
-3.6431853071796345;-0.8768178900130653
-3.6231853071796345;-0.8862583433923896
-3.6031853071796345;-0.8953443052252473
-3.5831853071796345;-0.9040721412423525
-3.5631853071796344;-0.9124383604188456
-3.5431853071796344;-0.9204396163704596
-3.5231853071796344;-0.9280727086918049
-3.5031853071796344;-0.9353345842362288
-3.4831853071796344;-0.9422223383367357
-3.4631853071796344;-0.9487332159674736
-3.4431853071796343;-0.9548646128453205
-3.4231853071796343;-0.9606140764711193
-3.4031853071796343;-0.9659793071101426
-3.3831853071796343;-0.9709581587113841
-3.3631853071796343;-0.9755486397653046
-3.3431853071796342;-0.9797489140996807
-3.3231853071796342;-0.9835573016132244
-3.303185307179634;-0.9869722928263296
-3.283185307179634;-0.9899924967613765
-3.263185307179634;-0.9926167169041278
-3.243185307179634;-0.9948439036028386
-3.223185307179634;-0.996673166014086
-3.203185307179634;-0.9981037724591336
-3.183185307179634;-0.999135150716637
-3.163185307179634;-0.9997668882515766
-3.143185307179634;-0.9999987323803226
-3.123185307179634;-0.9998305903717724
-3.103185307179634;-0.9992625294845159
-3.083185307179634;-0.9982947769400189
-3.063185307179634;-0.9969277198318341
-3.043185307179634;-0.9951619049708784
-3.023185307179634;-0.9929980386668402
-3.003185307179634;-0.990436986445803
-2.983185307179634;-0.9874797727042071
-2.963185307179634;-0.9841275802992788
-2.943185307179634;-0.980381750076105
-2.923185307179634;-0.9762437803315359
-2.903185307179634;-0.9717153262151373
-2.883185307179634;-0.966798199067435
-2.863185307179634;-0.9614943656957143
-2.843185307179634;-0.9558059475876762
-2.823185307179634;-0.9497352200632623
-2.8031853071796338;-0.9432846113649918
-2.7831853071796337;-0.9364567016871835
-2.7631853071796337;-0.9292542221444505
-2.7431853071796337;-0.9216800338253455
-2.7231853071796337;-0.9137372028093084
-2.7031853071796337;-0.90542888908589
-2.6831853071796337;-0.8967584158683048
-2.6631853071796336;-0.8877292512285133
-2.6431853071796336;-0.8783450067100071
-2.6231853071796336;-0.8686094358832046
-2.6031853071796336;-0.8585264328440356
-2.5831853071796336;-0.8481000306563107
-2.5631853071796336;-0.8373343997385007
-2.5431853071796335;-0.8262338461955682
-2.5231853071796335;-0.8148028100965219
-2.5031853071796335;-0.803045863698383
-2.4831853071796335;-0.7909677096172629
-2.4631853071796335;-0.7785731789472933
-2.4431853071796334;-0.7658672293281591
-2.4231853071796334;-0.7528549429620037
-2.4031853071796334;-0.739541524580494
-2.3831853071796334;-0.7259322993628688
-2.3631853071796334;-0.7120327108057888
-2.3431853071796334;-0.6978483185458517
-2.3231853071796333;-0.6833847961356297
-2.3031853071796333;-0.6686479287741269
-2.2831853071796333;-0.6536436109925549
-2.2631853071796333;-0.6383778442963556
-2.2431853071796333;-0.6228567347644123
-2.2231853071796333;-0.6070864906064001
-2.2031853071796332;-0.5910734196792585
-2.183185307179633;-0.574823926963771
-2.163185307179633;-0.5583445120022636
-2.143185307179633;-0.5416417923303753
-2.123185307179633;-0.5247224003804034
-2.103185307179633;-0.5075931264783806
-2.083185307179633;-0.49026082210714195
-2.063185307179633;-0.4727324199592216
-2.043185307179633;-0.45501493116389086
-2.023185307179633;-0.43711544248283324
-2.003185307179633;-0.41904111347556344
-1.983185307179633;-0.4007991736357368
-1.963185307179633;-0.38239691949948923
-1.943185307179633;-0.3638417117269618
-1.923185307179633;-0.34514097215818534
-1.903185307179633;-0.3263021808444994
-1.883185307179633;-0.3073328730566896
-1.863185307179633;-0.28824063627104785
-1.843185307179633;-0.26903310713455497
-1.823185307179633;-0.24971796841040883
-1.8031853071796329;-0.23030294590510622
-1.7831853071796329;-0.21079580537832507
-1.7631853071796328;-0.19120434943683384
-1.7431853071796328;-0.1715364144136704
-1.7231853071796328;-0.15179986723384778
-1.7031853071796328;-0.13200260226783078
-1.6831853071796328;-0.11215253817405879
-1.6631853071796328;-0.09225761473175637
-1.6431853071796327;-0.07232578966532292
-1.6231853071796327;-0.05236503546156057
-1.6031853071796327;-0.03238333618101562
-1.5831853071796327;-0.01238868426471405
-1.5631853071796327;0.007610967546221777
-1.5431853071796326;0.0276075304194473
-1.5231853071796326;0.047593050922604005
-1.5031853071796326;0.067559535085535
-1.4831853071796326;0.08749899655515975
-1.4631853071796326;0.10740345978964633
-1.4431853071796326;0.1272649632482894
-1.4231853071796325;0.14707556257580312
-1.4031853071796325;0.16682733377975983
-1.3831853071796325;0.18651237639990334
-1.3631853071796325;0.20612281666806456
-1.3431853071796325;0.2256508106574148
-1.3231853071796325;0.24508854741979758
-1.3031853071796324;0.2644282521098787
-1.2831853071796324;0.2836621890948736
-1.2631853071796324;0.3027826650485907
-1.2431853071796324;0.32178203202857236
-1.2231853071796324;0.3406526905350835
-1.2031853071796323;0.3593870925507346
-1.1831853071796323;0.3779777445595222
-1.1631853071796323;0.396417210544072
-1.1431853071796323;0.4146981149598897
-1.1231853071796323;0.4328131456854329
-1.1031853071796323;0.45075505694681356
-1.0831853071796322;0.46851667221597204
-1.0631853071796322;0.4860908870811545
-1.0431853071796322;0.5034706720885515
-1.0231853071796322;0.5206490755539512
-1.0031853071796322;0.5376192263432991
-0.9831853071796322;0.554374313090401
-0.9631853071796321;0.5709076839782286
-0.9431853071796321;0.5872126990552684
-0.9231853071796321;0.6032828365720161
-0.9031853071796321;0.6191116687227344
-0.8831853071796321;0.6346928642169011
-0.863185307179632;0.6500201908120051
-0.843185307179632;0.6650875178066997
-0.823185307179632;0.6798888184933014
-0.803185307179632;0.6944181725686712
-0.783185307179632;0.7086697685025052
-0.763185307179632;0.7226379058620935
-0.7431853071796319;0.7363169975926233
-0.7231853071796319;0.7497015722521094
-0.7031853071796319;0.7627862762000636
-0.6831853071796319;0.7755658757390309
-0.6631853071796319;0.7880352592081311
-0.6431853071796318;0.8001894390277794
-0.6231853071796318;0.8120235536947591
-0.6031853071796318;0.8235328697268558
-0.5831853071796318;0.8347127835562762
-0.5631853071796318;0.8455588233710922
-0.5431853071796318;0.8560666509039769
-0.5231853071796317;0.8662320631675153
-0.5031853071796317;0.8760509941354033
-0.4831853071796317;0.8855195163688496
-0.4631853071796317;0.8946338425875485
-0.44318530717963167;0.9033903271845778
-0.42318530717963165;0.9117854676846305
-0.40318530717963164;0.9198159061449905
-0.3831853071796316;0.9274784481715793
-0.3631853071796316;0.9347699909848913
-0.3431853071796316;0.9416876386058467
-0.32318530717963156;0.9482286240245862
-0.30318530717963155;0.9543903308961805
-0.28318530717963153;0.9601702945865804
-0.2631853071796315;0.9655662031579406
-0.24318530717963152;0.9705758982929147
-0.22318530717963153;0.9751973761575532
-0.20318530717963154;0.9794287882024496
-0.18318530717963155;0.9832684419018133
-0.16318530717963156;0.9867148014301681
-0.14318530717963157;0.9897664882764047
-0.12318530717963157;0.9924222817949359
-0.10318530717963156;0.9946811196937343
-0.08318530717963156;0.9965420984590525
-0.06318530717963156;0.9980044737166536
-0.04318530717963155;0.9990676605294081
-0.02318530717963155;0.9997312336311328
-0.003185307179631551;0.9999949275965788
0.01681469282036845;0.999858636947499
0.03681469282036845;0.9993224161947485
0.056814692820368454;0.9983864798164056
0.07681469282036846;0.9970512021719145
0.09681469282036846;0.9953171173522853
0.11681469282036847;0.993184918966415
0.13681469282036846;0.990655459863605
0.15681469282036845;0.9877297517923943
0.17681469282036844;0.9844089529437753
0.19681469282036843;0.9806944177555497
0.21681469282036842;0.9765876175452053
0.2368146928203684;0.9720901950273246
0.2568146928203684;0.9672039491534435
0.2768146928203684;0.9619308343933428
0.29681469282036843;0.9562729599540375
0.31681469282036845;0.950232588936786
0.33681469282036847;0.9438121374324696
0.3568146928203685;0.937014173555706
0.3768146928203685;0.9298414164180941
0.3968146928203685;0.9222967350410065
0.41681469282036854;0.9143831472083715
0.43681469282036856;0.9061038182599066
0.4568146928203686;0.8974620598252931
0.4768146928203686;0.8884613284998029
0.4968146928203686;0.879105224461908
0.5168146928203686;0.8693974900334336
0.5368146928203686;0.8593420081828319
0.5568146928203687;0.848942800972176
0.5768146928203687;0.8382040279485019
0.5968146928203687;0.8271299844801414
0.6168146928203687;0.8157251000387148
0.6368146928203687;0.8039939364274701
0.6568146928203688;0.7919411859566834
0.6768146928203688;0.7795716695668472
0.6968146928203688;0.7668903405937735
0.7168146928203688;0.753902258736222
0.7368146928203688;0.7406126262942174
0.7568146928203688;0.7270267588922666
0.7768146928203689;0.7131500906538539
0.7968146928203689;0.6989881720264693
0.8168146928203689;0.6845466675602975
0.8368146928203689;0.6698313536414376
0.8568146928203689;0.6548481161805381
0.876814692820369;0.6396029482577539
0.896814692820369;0.6241019477249518
0.916814692820369;0.6083513147661066
0.936814692820369;0.5923573494168529
0.956814692820369;0.5761264490441722
0.976814692820369;0.5596651057872115
0.996814692820369;0.5429799039602518
1.016814692820369;0.5260775174188514
1.036814692820369;0.5089647068902163
1.056814692820369;0.49164831726885394
1.076814692820369;0.474135274878592
1.096814692820369;0.4564325847020476
1.116814692820369;0.43854732532139457
1.136814692820369;0.42048665586756134
1.156814692820369;0.4022577971259834
1.176814692820369;0.38386804046218787
1.1968146928203691;0.36532474158238765
1.2168146928203691;0.34663531759486965
1.2368146928203692;0.3278072440461687
1.2568146928203692;0.30884805193330617
1.2768146928203692;0.2897653246933745
1.2968146928203692;0.2705666951717457
1.3168146928203692;0.2512598425701866
1.3368146928203692;0.23185248937615754
1.3568146928203693;0.212352398274578
1.3768146928203693;0.19276736904333577
1.3968146928203693;0.17310523543382256
1.4168146928203693;0.15337386244501547
1.4368146928203693;0.1335811412954706
1.4568146928203694;0.11373498961974403
1.4768146928203694;0.09384334553205345
1.4968146928203694;0.07391416538367811
1.5168146928203694;0.053955420562958586
1.5368146928203694;0.03397509429529695
1.5568146928203694;0.013981178438704138
1.5768146928203695;-0.006018329693871475
1.5968146928203695;-0.02601543057939856
1.6168146928203695;-0.04600212563957939
1.6368146928203695;-0.0659704204637705
1.6568146928203695;-0.08591232800420125
1.6768146928203695;-0.1058198717760395
1.6968146928203696;-0.12568508905739176
1.7168146928203696;-0.14550003408930295
1.7368146928203696;-0.16525678058605334
1.7568146928203696;-0.1849474268544896
1.7768146928203696;-0.20456409661748026
1.7968146928203697;-0.2240989434680173
1.8168146928203697;-0.24354415372665603
1.8368146928203697;-0.2628919495665866
1.8568146928203697;-0.28213459212423964
1.8768146928203697;-0.30126438459414684
1.8968146928203697;-0.3202736753067766
1.9168146928203698;-0.33915486078806445
1.9368146928203698;-0.35790038879935787
1.9568146928203698;-0.37650276135649685
1.9768146928203698;-0.39495453772674816
1.9968146928203698;-0.4132483374023151
2.0168146928203696;-0.431376843049142
2.0368146928203696;-0.44933280342973403
2.0568146928203697;-0.4671090404684707
2.0768146928203697;-0.48469843726404477
2.0968146928203697;-0.502093961149693
2.1168146928203697;-0.5192886541488062
2.1368146928203697;-0.5362756386148099
2.1568146928203697;-0.5530481199822361
2.1768146928203698;-0.5695993894845933
2.19681469282037;-0.5859228268379458
2.21681469282037;-0.6020119028891397
2.23681469282037;-0.6178601822276224
2.25681469282037;-0.6334613257598161
2.27681469282037;-0.6488090932450278
2.29681469282037;-0.6638973457918881
2.31681469282037;-0.6787200483143345
2.33681469282037;-0.693271271946167
2.35681469282037;-0.7075451964132247
2.37681469282037;-0.7215361123622522
2.39681469282037;-0.735238423645539
2.41681469282037;-0.7486466495604392
2.43681469282037;-0.761755427042896
2.45681469282037;-0.7745595128141202
2.47681469282037;-0.7870537770199559
2.49681469282037;-0.7992332368233047
2.51681469282037;-0.8110930139839044
2.53681469282037;-0.8226283647478753
2.55681469282037;-0.8338346751273013
2.57681469282037;-0.8447074627457086
2.59681469282037;-0.8552423786308908
2.61681469282037;-0.8654352089543617
2.63681469282037;-0.8752818767167411
2.65681469282037;-0.8847784433783934
2.67681469282037;-0.8939211104346688
2.6968146928203702;-0.9027062209351105
2.7168146928203702;-0.91113026094602
2.7368146928203703;-0.9191898609557929
2.7568146928203703;-0.9268817972224573
2.7768146928203703;-0.9342029930628736
2.7968146928203703;-0.9411505200830745
2.8168146928203703;-0.9477215993492522
2.8368146928203704;-0.9539136024989123
2.8568146928203704;-0.9597240527917511
2.8768146928203704;-0.9651506260998256
2.8968146928203704;-0.9701911518366133
2.9168146928203704;-0.9748436138245866
2.9368146928203704;-0.9791061511009385
2.9568146928203705;-0.9829770586611368
2.9768146928203705;-0.986454801617284
2.9968146928203705;-0.9895379646236713
3.0168146928203705;-0.992225325644366
3.0368146928203705;-0.9945158097720804
3.0568146928203705;-0.9964085008452227
3.0768146928203706;-0.9979026418143911
3.0968146928203706;-0.998997635045224
3.1168146928203706;-0.9996930425574978
3.1368146928203706;-0.999988586200368
3.1568146928203706;-0.9998841477636918
3.1768146928203707;-0.9993797690253835
3.1968146928203707;-0.9984756517347876
3.2168146928203707;-0.9971721575320764
3.2368146928203707;-0.9954698078037079
3.2568146928203707;-0.993369283473996
3.2768146928203707;-0.9908714247328912
3.2968146928203708;-0.987977230700067
3.316814692820371;-0.9846878590254619
3.336814692820371;-0.9810046254264296
3.356814692820371;-0.9769290031616885
3.376814692820371;-0.9724626224422861
3.396814692820371;-0.967607269779811
3.416814692820371;-0.9623648872721215
3.436814692820371;-0.9567375718268769
3.456814692820371;-0.9507275743231861
3.476814692820371;-0.9443372987117167
3.496814692820371;-0.9375693010536221
3.516814692820371;-0.9304262884986826
3.536814692820371;-0.9229110988248473
3.556814692820371;-0.9150267736318431
3.576814692820371;-0.9067764499205427
3.596814692820371;-0.8981634277089624
3.616814692820371;-0.8891911520894631
3.636814692820371;-0.879863211850729
3.656814692820371;-0.8701833380422674
3.676814692820371;-0.8601554024819976
3.696814692820371;-0.849783416207536
3.716814692820371;-0.8390715278717826
3.736814692820371;-0.8280240220834645
3.756814692820371;-0.8166453176932871
3.776814692820371;-0.8049399660263857
3.796814692820371;-0.7929126490617813
3.8168146928203712;-0.780568177559566
3.8368146928203712;-0.7679114891365699
3.8568146928203713;-0.7549476462912761
3.8768146928203713;-0.7416818343787716
3.8968146928203713;-0.7281193595365454
3.9168146928203713;-0.7142656465619601
3.9368146928203713;-0.7001262367422473
3.9568146928203713;-0.6857067856378875
3.9768146928203714;-0.6710130608202675
3.9968146928203714;-0.656050939564511
4.016814692820371;-0.6408264064984092
4.0368146928203705;-0.6253455512083808
4.05681469282037;-0.6096145658034302
4.07681469282037;-0.5936397424380622
4.096814692820369;-0.577427470795149
4.116814692820369;-0.5609842355297515
4.136814692820368;-0.5443166391635976
4.156814692820368;-0.5274313010954401
4.1768146928203675;-0.5103349975508179
4.196814692820367;-0.49303456682483027
4.216814692820367;-0.47553692886094096
4.236814692820366;-0.45784908248311895
4.256814692820366;-0.43997810259642933
4.276814692820365;-0.42193113735719884
4.296814692820365;-0.4037154053138836
4.316814692820365;-0.3853381925197862
4.336814692820364;-0.3668068496187735
4.356814692820364;-0.3481287889051678
4.376814692820363;-0.3293114813589803
4.396814692820363;-0.3103624536576785
4.416814692820362;-0.29128928516568
4.436814692820362;-0.27209960490278123
4.456814692820362;-0.2528010884927334
4.476814692820361;-0.23340145509317886
4.496814692820361;-0.21390846430819366
4.51681469282036;-0.19432991308465303
4.53681469282036;-0.17467363259367502
4.5568146928203594;-0.15494748509838918
4.576814692820359;-0.1351593608092766
4.596814692820359;-0.11531717472834857
4.616814692820358;-0.09542886348342533
4.636814692820358;-0.07550238215377776
4.656814692820357;-0.055545701088412676
4.676814692820357;-0.035566802718264484
4.6968146928203565;-0.015573678363579518
4.716814692820356;0.004425719816387925
4.736814692820356;0.024423303051694167
4.756814692820355;0.04441111757022506
4.776814692820355;0.06438116848378009
4.796814692820354;0.08432546801219679
4.816814692820354;0.10423603867810025
4.8368146928203535;0.12410491649754056
4.856814692820353;0.14392415416526874
4.876814692820353;0.1636858242333484
4.896814692820352;0.1833820222818484
4.916814692820352;0.20300487008034354
4.936814692820351;0.222546518738944
4.956814692820351;0.24199915184761606
4.9768146928203505;0.2613549886025132
4.99681469282035;0.2806062869180823
5.01681469282035;0.2997453465236913
5.036814692820349;0.3187645120435428
5.056814692820349;0.3376561760586346
5.076814692820348;0.35641278214955346
5.096814692820348;0.37502682791886793
5.1168146928203475;0.39349086799192995
5.136814692820347;0.4117975169948626
5.156814692820347;0.42993945250856586
5.176814692820346;0.4479094179975354
5.196814692820346;0.46570022571234193
5.216814692820345;0.48330475956459507
5.236814692820345;0.5007159779732508
5.2568146928203445;0.5179269166811202
5.276814692820344;0.5349306915404504
5.296814692820344;0.5517204772319251
5.316814692820343;0.5682896091265246
5.336814692820343;0.5846314323987277
5.356814692820342;0.6007394105769396
5.376814692820342;0.6166071007202922
5.3968146928203415;0.6322281559961509
5.416814692820341;0.6475963282191328
5.436814692820341;0.6627054703506425
5.45681469282034;0.677549538957913
5.47681469282034;0.6921225966315766
5.496814692820339;0.7064188143608051
5.516814692820339;0.7204324738650628
5.536814692820339;0.734157969881553
5.556814692820338;0.7475898124074325
5.576814692820338;0.7607226288959106
5.596814692820337;0.7735511664053476
5.616814692820337;0.7860702937004981
5.636814692820336;0.7982750033050611
5.656814692820336;0.8101604135047132
5.676814692820336;0.8217217702998327
5.696814692820335;0.8329544493071193
5.716814692820335;0.8438539576093737
5.736814692820334;0.8544159355526688
5.756814692820334;0.8646361584902233
5.776814692820333;0.8745105384722582
5.796814692820333;0.8840351258811753
5.816814692820333;0.8932061110113956
5.836814692820332;0.9020198255932341
5.856814692820332;0.9104727442601923
5.876814692820331;0.9185614859590921
5.896814692820331;0.9262828334124794
5.9168146928203305;0.9336336593868496
5.93681469282033;0.9406110446937157
5.95681469282033;0.9472121984280769
5.976814692820329;0.9534344801777113
5.996814692820329;0.9592754010787408
6.016814692820328;0.96473262481064
6.036814692820328;0.9698039685302743
6.0568146928203275;0.9744874037446027
6.076814692820327;0.9787810571216797
6.096814692820327;0.9826832112396354
6.116814692820326;0.9861923052733272
6.136814692820326;0.9893069356183868
6.156814692820325;0.9920258564524083
6.176814692820325;0.994347980233053
6.1968146928203245;0.9962723781328645
6.216814692820324;0.9977982804106231
6.236814692820324;0.9989250767190846
6.256814692820323;0.9996523163489817
6.276814692820323;0.9999797084091862